bitstring,count
000001001101001000001111,1
000000001111010000001110,2
000100101011000000011110,1
000010000111000001101111,1
000000001111100000110001,1
000000000100000000101000,1
000001010010000000001111,1
110000001001100010001000,1
001110000010110011111011,1
000000101101000000001111,10
000111100111000000001001,1
000000001111000100101101,1
010010000111000000001111,3
111010000100010010000001,1
101010100011000000011111,1
000000001111000001011110,1
111001111111011011100100,1
000000001101010010000001,1
010000001110000000011111,1
010000001101000100001110,1
100110001110000010001101,1
000111001010000000011110,1
000000001111000001001111,8
011010000000000000011011,1
000000011110010010110010,1
010000001111000100001111,1
010001001101000011101101,1
000000110111000000101001,1
101110101111010011000101,1
010010100101000000101111,1
000000001111000010111000,1
000000001111000000001111,243
000010110000000000001011,1
100000001111000110110100,1
100100000011000010011111,1
000100001111000000001111,9
000000001111000100000111,2
000110000111000000001101,1
111010000001000011000011,1
001010000111100000001110,1
000110111000000000001111,1
000000001111010000001101,8
001010101000100001001001,1
000000111000000001010111,1
001000001011001111010000,1
000000001101000010000011,1
010110011100010000101101,1
011100011001000000011110,1
101111110000111011000100,1
000001110101000000000101,1
000001101110000000101110,1
010000001011000000101100,1
000101110111010010001111,1
001001001001000010010100,1
001110010100000000001011,1
000100001001000000101011,1
010001001101000000001111,1
000000001111001001101100,1
001000001111000100001111,1
001100011011000000101111,1
001000111100010000001001,1
000000001111000110011010,1
000000001111000000101101,6
000000001110000000001111,9
000000001111010110010001,3
110110010000110000001100,1
000000001111010111000001,1
101011100000000000001111,2
010000001111000011110010,1
011011100110000100000001,1
101011111000011010000101,1
000100111100100010000100,1
100000111111000000011011,1
110001101010000000001111,1
110101000101000001000111,1
110100101011010010101101,1
111111101101010011011011,1
001100101101000000001111,2
001000011001000000001111,1
000100001110010010010110,1
000000001111011010100101,1
001011100001000011000101,1
000000001111000000001011,44
010010001101000000001001,1
111100000011010100001010,1
000000001111100000001011,4
100001011111010000001111,1
100000110010010010001011,1
000000101010000010000101,1
100110100100011000001000,1
001010101001000000001111,1
011110000001011010001001,1
000000010101000000001111,1
010010110100110110000100,1
011000000001000000011010,1
010110011010011010100110,1
001000001101000000001111,3
000000001111000010101111,3
000000010111000000001111,4
000001001111010100001111,1
010110010001000000001110,1
101011010110010001011000,1
000000001111000010100100,2
000000001011000000000100,1
000000011011000000001011,1
000000001111000010000101,2
100110011011001000001111,1
000000110001110000010010,1
000000001111001000101111,1
000010000110011110000000,1
011100100110000001101101,1
110100001110000000001011,1
000010000111000000011111,2
011010010100000000001111,3
100000001111001010100000,1
011011000100000010000011,1
010000001001000000001111,8
110110001010000000001111,1
000110101010001000010000,1
000010001001000000000011,1
000000001111001000001111,11
000000001111010000001100,1
000000101110000000001111,2
000011010100000000001111,1
011011000001000000001111,3
000001001111100001001110,1
010100011001001010110001,1
000110111100001000001011,1
010000001110000000001111,1
000000001111000000001101,8
001001000111001010010010,1
101000010001000100001011,1
000100101101011000110000,1
100000101111000001001011,1
011000111100000000001111,1
000000101101000000000111,1
000010110001000000001111,1
010000001111000000000110,1
000100110101000000001111,1
000000001111010000101100,3
000000001111011010001001,1
000100001111000000000011,1
000000001111100010000000,1
000000001111010010110001,1
000000001111111100101001,1
000000001111001111100110,1
011100011011010000000010,1
000100001111010010110111,1
000110000010001000011010,1
000000001111011110011001,1
000000111101000000101111,1
000000001111000010001111,8
111110010100000000011010,1
110110000101000000101100,1
000000001111111010100001,1
011011101100100010000111,1
111011000101010000001100,1
100100101110100010000011,1
010000000010000000001111,1
001000101111010010111101,1
001000000101000000001111,1
000000000111000000001011,1
000000001111110000000111,1
000110110100010000001111,1
000010111101010000001001,1
001000101101000000001011,1
010010010000010000100010,1
000010101110000000001111,1
000010000111000001001110,1
000000101111000000001111,8
001010001010000011011111,1
000000001111000010000111,10
000001001001000010000101,1
000000001111001000101101,2
000010100011101010100010,1
010000000001000000001111,2
001010100011000001001001,1
010010001011000001000110,1
000000011110010110010111,1
000000001111100010000111,1
000000001111010100001011,1
000100001101000000000111,2
111010100000101010100000,1
101000101100000010011111,1
110010101010000010001111,1
000010000101000010001010,1
010000011101001000001011,1
011010001110101010110000,1
000000001111100001001111,1
000010001101100010100101,1
010100100001000000001111,1
101000001111010000001101,1
000000001111111110001001,1
000000001111101000010000,1
010000000111100000011111,1
111011101100001111010001,1
100010001111101100101100,1
000000101110010010000111,1
000000001101010010110100,1
000000001111000010111011,1
000000001111011010100100,2
111110111100000000001111,1
010000011100000000001111,1
000000001110010001001101,1
000000110101100100111110,1
000000111111000100001111,1
001000000100010011111101,1
000000011111000011001111,1
000001001111000000001111,11
000010011101000000001111,1
000110001000000000001111,1
010100100101000000001010,1
000000001111101111010100,1
001010101001000000001110,1
001000001111000000001111,7
000000001011000000001111,4
010000001111000000001111,8
000101001100001010000001,1
000000001111101010100001,3
010110000000011010101111,1
001100001100000000001111,1
100010000011000000001111,2
001000011011000000001111,1
000000101001000000001111,6
001000010001001000001101,1
000000001101000000001111,14
000010110000000000001111,4
000100111101010000001111,1
000000001111000000101100,3
111011001001010000101111,1
000010100111010000000111,1
100000101001001000010011,1
100011010010000000110111,1
011000001101000000000111,1
000111010110000000001111,1
000010000111001000101100,1
000000001111010000001111,4
000011000111000000011101,1
000001000111101110110011,1
001010110001000000001110,1
000110110110000000001011,1
011010100000000000001111,1
000000011110000000001111,8
010000101100001000001011,1
000110101001000010000101,1
000010010011000001001111,1
000000101100000000001111,2
000000001101010010001100,1
011100100001000000001111,1
000000001111000000000111,10
010000010101001000000111,1
000000001111000000101111,13
000000001111001000111111,1
000000001111000010110000,1
011000110111000000001101,1
000000001111000000001110,17
000011000011000001111011,1
001010100101000000001111,2
000111000101000000101110,1
000010101001000000001111,1
101000101000001110101010,1
110010100111001000001011,1
100100100010000000011110,1
100100010000000000001110,1
011011100101000100001110,1
010000001011000000001111,3
000001001111111000001001,1
010010010111000000001111,1
110010100110010100001101,1
011101011111000000001111,1
100000111011101101101011,1
011000111110000000001111,1
001110110001000000001111,1
010000001101011110010001,1
100110000010000000001111,1
010010110001000000011111,1
000010000111000000001111,9
010111011100010110000001,1
111111001111000010010000,1
010111001001000000111101,1
001000000110000110001001,1
000000001111000010101101,4
001101101001000000001110,1
101101101100000000001111,1
011010000000000000101101,1
000000001111000000110101,3
010110001010000000011111,1
011100011000000000101011,1
001100000111000000001111,1
101110001001100000011001,1
001010100000100001001111,1
001010000011101010000110,1
010010000111100000100101,1
000000110100000000011110,1
000010001111001000001111,2
000100000000000000001101,1
010110000000010000001101,1
010110010001000000101101,1
000000111101000110001111,1
100010100101010000001111,1
000000001111011000001110,1
000000001111000000011111,14
110000011011010100001111,1
001010000011000100001111,2
000100001111001010011011,1
000000001111011101100010,1
110100001101000000001111,1
011011000101000011100101,1
011011101110101011110000,1
100111101110000000001111,1
000010001111010000001101,3
001000011010101010110000,1
101000000100100000001101,1
111001010100001010100000,1
000000001110001000001111,2
000000001111001000111010,1
001000101101000000001110,1
110100011001000000001010,1
000000001101000000000010,1
000010100100000010001111,1
010100001001000000001111,2
111111011111110110000000,1
000000001111000100011000,1
101000011110100011000101,1
100010010110000100001111,1
000000101111001000001011,2
000000001111010010000111,4
001110100101010010110001,1
000100111101000000001111,1
001000001100000010111101,1
000000001001101010111111,1
010100001010000110110000,1
010000101111000000001111,1
010000001111000000011111,1
000010100000100110000001,1
000000001111011010001100,1
000000001111000000000101,2
000110000111010100001111,1
000000001111001100001000,1
000100011111100010111011,1
100100111010000000000111,1
000000001111111011010000,1
010010000111010000001001,1
101010110000001001001111,1
000000000111010010110100,1
010011011011011110110001,1
000000001111000000100110,1
100100111011001001001011,1
110111010100111111101001,1
000101111101000000001111,1
000110001110000000001111,1
000010111101000010000111,1
000000001111000110000111,1
010110111001000000110100,1
111001101000000000001111,1
000000001111100000001100,1
010000100101010000001111,1
010001011101001000001111,1
010010010001011110110001,1
001010100111000000000111,1
011010001000001111000001,1
000000001111000101001111,3
011110000000110101101011,1
000101001110000000001111,1
000010100101100100001111,1
101110100000000001110100,1
011110000001001010010111,1
010000001101000000001111,2
011010100111000000001111,1
101001111011000000001111,1
000000000010000000001111,2
001100100011000010101111,1
000001001101000001001111,1
000000010100000000000101,1
100000101110000001001111,1
000000111110000000001111,1
100001111001010000010101,1
000000101001000000111100,2
101010110100011000101001,1
000010100110000000001111,1
000000100111000000001111,1
100011010011000111000111,1
001011001101000010101110,1
000000001111001000001011,7
000000111110000010001111,1
000000001101001000001011,3
000110001000000010010000,1
111001011000000000001111,1
000100001101000011000001,1
011000000000000000101001,1
000101000001001000001111,1
000010000111000000001101,1
010010001101000000001111,1
100100100001010000101101,1
001000001111010110100111,1
000000011010000000001111,1
010011000001000000001111,1
010101101001001000001111,1
011010011101000000001111,1
110001001101010000001101,1
000000001111101000001111,2
000010001111111011001100,1
001010000100101111001111,1
000011010000000000001101,1
000110000111000000100111,1
000000000011111001110110,1
101111001110000100000011,1
001110100111011111011100,1
101010100100000000001101,1
000110010010000000001111,1
000000001111100110100000,1
000000000001000000001111,1
010010110110000000001111,1
000000011011000000001110,1
000010011111010010111101,1
011010000000000100001110,1
000110100111001000100001,1
101010100001001110110110,1
111011000000100000001011,1
000100100001000000001111,1
000000001111111010111111,1
101000010100100011011001,1
000000001111000000111101,2
001000001110000000011111,1
000100000111000000100101,1
101011100011000000111100,1
000000001101000010000111,1
000000101101000001101000,1
000000001111000000100100,3
000000001111001110000011,1
000010001000010000000011,1
000000001111001010110000,1
000000001111100100010111,1
001010100000001010000100,1
010111100101001111010000,1
000100101100111100100110,1
000010001101000000001111,2
000000001111000011001100,1
000100001111011001000001,1
110000001111000100001111,1
010010110100001000101101,1
000000001111001010001111,1
000000001111101000000111,1
101011000001111010010010,1
000000001001000000101111,1
000010011010000000001111,1
000000001111000111011010,1
000100011011010000111101,1
010000001100000000001111,3
001010000111010010110000,1
000000110111000100001111,1
000000001111100000001111,3
000000001111010011010111,1
000011101111001010001011,1
101101101111010100000100,1
000000001111100000001110,4
000000001111000000011100,1
100101101011001000001111,1
001000000110001011100001,1
011101010011100010000110,1
010010100111000000001100,1
100000101111000000000101,1
010000001101000000001011,1
000000001111101110011001,1
000000001111110000000000,1
000000011100000000101101,1
000000000110000000001110,1
000100100011000000001111,1
100110010110000000001110,1
000000001111001000000111,2
000000001111100010101100,1
011010000111010000001101,1
000110110100000100001100,1
001001010001100110001010,1
000000001111001010010011,1
111011100111000000001111,1
100010100100000000001101,1
000101011111000000011111,1
101111111111101010011010,1
011010100100010110010100,1
001010001111000000001111,2
011001001011000010100001,1
000001100111000010000111,1
010100000011000000001111,1
001110000001000000001111,1
000000001111010111111001,2
101100111011001000111101,1
100110011111000000001101,1
000010000001110101011010,1
001100000101101100111011,1
001010100111000000001111,1
001000001010000000001101,1
000001001111000010001111,1
010000111011000100011010,1
000000001111000001000111,3
000110010111011010100001,1
000000001111000110100111,1
000000111000000000001111,2
011010000001000000001111,1
000010100111000010001111,1
000000000111000001011100,1
001000001110011000100011,1
010000011001010010001001,1
000010111011000000001001,1
100101011110010110111011,1
110100011110000000001111,1
100101010010000000111110,1
010000001110000000101101,1
001100001111000011100100,1
100000110101100000000010,1
010010011110000100001010,1
011110110101101010001110,1
010100111111001010010011,1
000010101111000000001111,1
001000001111000000011111,2
010100001110001010000000,1
000110000101000000001111,1
011100010110000100001111,1
011010101110000101001011,1
010100110101000000001111,1
000010000111111110000000,1
010010100011000000001111,1
000000010111101010010110,1
100000000101000000001111,1
010000001111000001001110,1
000000101011000000001111,2
000000001111010010101001,1
010100000110000000001101,1
010100010111000000000110,1
100000001110000000001111,3
000000001111110110101110,1
010000110110000000001111,2
010100001011000000000101,1
000010000000000000000011,1
000000001111110001011000,1
000001011101001000101101,1
010010100110000001001111,1
101111100000000000111101,1
001010111110000000001111,1
100100001111110111000100,1
111010000001101110110010,1
000000101101000010100001,1
001101001101000010110100,1
000110100101101000001000,1
000000101101001011101000,1
000000001111001010100101,1
010110010001001101000100,1
000000001111001000101011,1
001000101001011000000111,1
000000001011000000101111,2
000000000111011010010111,1
000000011101010000001111,1
000000001101000000001110,1
001000000110110010001010,1
010101000111000000001110,1
000010011011010000111110,1
000001001111010110001001,1
010010000001000000001111,2
001010110100010010000001,1
000000101101000011011001,1
000010001011000000001111,2
000000001111000000101110,2
000000001010101011110000,1
010100001101011100101001,1
011010010000011010000000,1
110101100010000000001011,1
010000011111000000001111,2
011100001101000000001111,2
001000001101000100100111,1
001100101000000000001111,2
111110111111010010011000,1
101101101001000001001111,1
101010110101001000001011,1
110010101100000000101101,1
000001001111000010101100,1
001010100000001010010010,1
001111100001000000001110,1
000001001111000000101110,1
000000001101010010000100,1
000000001111000001100101,2
010100001000010000010100,1
011000001101000010110101,1
110000001101100000101111,1
000000001111001011111110,1
000001101111000000001011,1
001010010010000001101111,1
000101001101000000011111,1
010010011101010010001011,1
110110101111000000001111,1
011000001101000000001111,5
000000001111000011001101,1
011010000000111000001101,1
000100001111111010010001,1
000000001111111110001111,1
010010000111101000011011,1
001000101001000000111101,1
010011001001000100001010,1
000000001111000000010011,1
010100001101110110000000,1
000000001111001110001100,1
001110110000000010001011,1
101010000111000110101111,1
000000001111000010010110,2
000000011010000000001101,1
010000110111000000101101,1
000000000110000010001111,1
010100001101110010101011,1
000100101011000000000111,1
100010101101010110111011,1
101000010001011000101001,1
000000011111011000010001,1
001000001111011010010100,1
011000000010101001100010,1
000000001111101111111111,1
001000001011101001111111,1
000000110001001000101110,1
010111000011101000001110,1
001000101101000000001111,4
110010001100001000001011,1
011110101111011101111001,1
000000011001000000001111,2
111000111100000000001111,1
001110100100000000001111,2
000100001111000000001001,1
100000101110101110101110,1
000000001111000000011011,13
011000000100000000001111,1
001001101100001010000010,1
000000001111010010111101,1
010110111101000001101101,1
101111110101000010001101,1
100010110001110110100000,1
000000001111101111000010,1
000000010100010011101101,1
000010101101100100011101,1
010000011010000000001111,1
000110101101000010000101,1
000110011011110010000101,1
010000011101100000000100,1
111111111110000000001111,1
010000101111000000000111,1
110001000011000000001111,1
011101110110000000001000,1
101010110000001000011111,1
001011001101000000011111,1
000010000101100000100101,1
000001111110011100011001,1
100101000010000000001111,1
111010001111000000001111,1
100000111000000000001111,1
011010010001010010110011,1
000100101101000010001110,1
000000001111100000001101,2
110011001010000000001111,1
101110000110010000110111,1
011010000000010100001101,1
100011110000000000001111,1
010000001001000000001011,1
000000001111000011100101,1
000000001111000000111110,2
100000011110000000001111,2
000100001101000000001111,2
000010110110111100000000,1
001000001110010000001111,1
010000001001010001001010,1
000010001111011000011101,1
000000001111000000000011,8
000000001111010010001011,2
000000001111000100001110,1
000000001111010001000111,1
000000001111001111011101,1
110100001101011100101111,1
100110001101010100110000,1
010011101100000001000111,1
001010110001010001011001,1
001010100000011010001001,1
001000001001011010101100,1
000000001101000101001110,1
101011110000001111100010,1
000010011110010110011010,1
000010000111010000001001,1
111010001100010010101011,1
000000101011000010000111,1
111011001001010000001111,1
011110000011000000101001,1
000000111000100001001000,1
000100101011011101100100,1
001110000001000000011110,1
101001100001000000011110,1
000111100111000100001110,1
010011000101000000001111,2
000000011011000000001111,2
010010001101000000011111,1
000000111110000000011101,1
011000000101000100001001,1
110110110110110010010000,1
000100101100000000001111,1
000100010000000000011101,1
000100001111110010110001,1
000000001111000001101111,3
000001001111011010000011,1
000000111101010010000101,1
110000000100100000001111,1
011000010100000000001111,1
001000011001001110001101,1
000110101001000000001011,1
000000101111001011000100,1
000000001111000111000100,1
000010000111010000010000,1
000000101010100000101101,1
000000101101000100100110,1
000000001111010010110011,1
000001101101000000001111,1
000010101111001010000011,1
000000001101000010111100,1
110000110101100000001110,1
000100001100000000001011,1
111011111011010100110010,1
001011010000000000001111,1
000010101000010000100110,1
001110010011000000001111,1
000000101111010000000101,1
000000001111011010000101,2
001010000111000000001111,1
010000001111101000001110,1
010010100110000010111111,1
001011000011000000001011,2
000000001111010011000101,1
000000110000001010101000,1
001010110000000010000000,1
001010000110010001111100,1
001011011110000000001110,1
010010010011010000011001,1
111000011001110111100011,1
000000001111010001001101,2
001000001110000000001111,3
000000001111110110000001,1
011100001111010110100100,1
011011001010000000011110,1
000001001111010010001111,1
011010000011110001000001,1
001110110011011110100100,1
000000001111000110111011,1
000000001111001000010001,1
000000000111000100001010,1
011000001101000100111011,1
011001101100011011101010,1
110000100100000000001111,1
000010011110000000001011,1
110000000001000000000100,1
000110100001000000001111,2
011101100000000000001010,1
000000001111000110110000,1
010000000111011111111000,1
011110010000001111011111,1
001000001110000000000011,1
010101001010000000001001,1
000110000111000000001011,2
011010010001110010000100,1
000010101111011001011001,1
111000111100000000101110,1
010010010011000000001111,1
000000011110000100101100,1
110010001101000000001011,1
010101001100110001011001,1
010111101011000101111100,1
000000001011001101100111,1
111000000100000000001110,1
010110000000010001010011,1
000000100111001100110111,1
011110100000000010011000,1
000000011011010011000101,1
000001001111101010010110,1
110110101111010010010101,1
000000001111001001000110,1
000000001100000000001101,1
000000001011010010010111,1
000000001011000000000110,1
000010000111000000001011,2
000000001111001100010111,1
000010000101000000001111,6
010001011100010101001011,1
011010100011000011100111,1
000011101101010010010011,1
000000011000110010011000,1
100110001100000000001111,1
000000001111000000010100,1
010000001001000000101001,1
000000001111001010000010,1
011110101110000010000101,1
011110000100000000001111,2
000000011011110000001011,1
000011101101000000001011,1
000100001111000000001011,2
011010001100000000001111,1
000000011111000000101101,2
000010101101000000001111,1
000000001101111110100011,1
100000001110111111000000,1
000010101101100110010111,1
000100001111010010001011,1
110111001001000000001011,1
010111101001000000001111,1
101110011011110100100100,1
011000001111000000001111,2
000000101111001010001111,1
001100010010000010001111,1
100111000110110010001101,1
000001101111000000101001,1
000010100110000000001011,3
000100101000111000010101,1
111000111010001111011001,1
011010001011101011110000,1
000011100111000000101000,1
000010000011010000001110,1
000000001011101111111010,1
001010001001001111100011,1
000000101101100000011111,1
000000001111101110001111,1
000000001111000000101001,3
000000011011010010000000,1
100000001101011010010010,1
000000000101000000101101,1
000010000101000000000011,1
000010000111001001111010,1
001110110010000000101011,1
000100100101010111001111,1
010010111001000000001111,1
010110110000000000001111,2
111111011111011100100000,1
111101111111000000101111,1
100101110111000000011100,1
001110000100001010000011,1
001010000101000000001111,1
010010000100000110001111,1
000000001111110011000000,1
100000001111001000001111,1
100100010011000000100111,1
110100010010000000101101,1
100000010011000100100000,1
010110001101100101000110,1
000010010111000101011111,1
000100001110010000100001,1
000000001111001000011011,2
000000001011000000011111,1
000110100101000010000111,1
000010101111000010101101,1
110110101010001110100001,1
000100011011000000011011,1
011000001100011000000000,1
001000001110010000011100,1
010001011111000000001111,1
000000101001000000101111,1
010001011101000000001111,1
000100101100000000010111,1
011000110010101100100000,1
110110100101011001010000,1
111110100000110000111001,1
100111001110001000000111,1
000000001111000001111010,1
010011101011000000001111,1
000000001011001000001011,1
010001000001001010100000,1
100000000001000001001011,1
101100010100000000001111,1
000001010110110111101110,1
101010000101000000001110,1
000001001110000000001111,2
100010001010000110100010,1
000000101111000000011111,1
010100001000000001001110,1
000000001011010000001101,1
100010000011000010001111,1
000000000111000000100111,1
110011101011000000001111,1
000000001111000000000010,4
000000001101010110111010,1
000000001111011011100000,1
001010000001000000000111,1
000000101110110100100010,1
000010110000000111000010,1
000000011111000000001111,6
000000011110101000001010,1
110100101111001100001111,1
000000001111000000001010,6
110101000101101011101110,1
001001011101100010100101,1
000000001111011000111011,1
001010000110001010000011,1
011010011011010100000110,1
111000010100010011010000,1
000010110100000100101000,1
011001111101100101000111,1
011000110110001000001111,1
000100101101010010000100,1
000000001111001010111011,1
011000101100000000111010,1
101000001101000000001011,1
100000011111000000000111,1
000010110001100000001111,1
010110100001111100001001,1
000010100111000010000111,1
011110000001000000001111,2
000000001010011010000000,1
010000110000010010000001,1
010000001101100110110000,1
111010000110000100101111,1
000000001001001000011000,1
001000001111011000000110,1
100011000010000000001111,1
000000011101000001011110,1
011010000000110000001111,1
000000010110110111000000,1
000010001111100010010111,1
000000001111010000101111,1
000000001111110000001101,1
010110000000000000001111,1
111111000000000000001111,1
000000001101000001001111,1
000000001111001000000001,1
010010011011000000001111,1
000010100001000000001111,1
000011001110000000001111,2
010000111101000010010100,1
001000100101010000011010,1
000000100011000010111011,1
000000011111000000101001,1
000000011110000000001101,1
101000001101000100001101,1
010010000110000000001111,1
110110000111000000011111,1
011000000100000100000110,1
000010111100100010100111,1
101111110010001100101110,1
000001001111010001111001,1
110111011110001001110010,1
010000000101000101011101,1
001000001011000010001111,1
110110000001001110100110,1
101010000100000010010011,1
000000001111011010101001,1
000000001111000001001011,5
011110100000000000001011,1
000110010101000000001111,1
101110100000000000011110,1
000100001111000111100111,1
001000001001010000001001,1
010100000001011001010000,1
001001101100000100000111,1
000000101101101011011100,1
001010000101000011111010,1
000100100010000010100000,1
110010101111000010000010,1
000000001111010010011001,1
000000000110000000001011,1
100110011001000010000100,1
010000000111000000001011,1
000000001111011010011001,1
000010100001000010001111,1
010000101101000000000111,1
000110001101001011100101,1
101001110001101010011011,1
010010011001001110000111,1
000010100001010010001100,1
101100000110000000001111,1
011010000100010110011001,1
001000001111001100001111,1
000010101111100000000111,1
011010100010101010110000,1
010000011101000010111001,1
000000101100110100001111,1
010010010000001011000000,1
101011100011111011100010,1
011110010000001010010000,1
000001101011000011011010,1
000000001101000000100010,1
000000011111000000100001,1
101110000011000010010010,1
000001011011010010000000,1
001110111111001000101010,1
011110001100000101000011,1
010010101101000000001011,1
000000001111100010000110,1
000000001111001010110100,1
000100001110100110111101,1
100011101110100011100011,1
000000011110000010000111,1
010000001111110000001011,1
001011001001000000001110,1
010111000001000000001101,1
000100001111000010010010,1
100000001110001000001011,1
010001001101000000010000,1
000011001111010000011101,1
011000001101110000010001,1
010010000111110110001001,1
000000101001000100101101,1
010010001101100000001011,1
000000001111011000001001,4
000001001111010010110100,1
000010110111001111111010,1
000100110110000000100010,1
010110111100000000001111,2
010110010000000100101111,1
000000001101000000101001,1
001000001111000001001110,1
001010101001000000011111,1
000000101001010001110100,1
011010001001011100011010,1
010001100101110101111110,1
000000001111010110001110,1
000000001111111101011011,1
111000101101100001100010,1
000000001111101101011000,1
000000001111100010000001,1
000110011110000111001101,1
011011101111100000011101,1
010010101101010010111011,1
001000001110000100111111,1
000000101011000000001010,1
001100001011000000000110,1
101110001111101000000101,1
011001001101000100001011,1
100000001101001000001011,1
000010110000010000010001,1
000000001110001000100100,1
000000001111001010111110,2
000000001011010010010110,1
011010000000000000001010,1
000100101100001000001111,1
010000101110000000001111,1
000000001111101010100100,1
000001001101010010110000,1
001010100000000000111011,1
000000010111000000011111,1
000001001111000000001011,2
000010001111000000001111,6
110010000101000000001111,1
000000001111000010000001,4
000110110100011001101010,1
010110100001000000011111,1
010000001011000010100111,1
000010000101101010000010,1
011010000100000011001111,1
111000001010000000001111,1
000000001101110010011110,1
000000001111000000010111,1
011100001001000000001111,1
000000001111010010100001,1
100110001010000000001111,1
010110111000000000000111,1
000000101100010000001100,1
010100001101000000001111,3
000110010001110100001001,1
000000101111000100001011,1
000100001111000000011111,2
010000011101000000001111,1
000110101101000000001111,1
001110101000000000011111,1
010010000100010000001111,1
000000001111000100100001,1
011010001111011000001111,1
000000001111000001001110,2
010011011100000000001111,1
010010000101000000001111,2
000100000111010000011100,1
100101111101000000001111,1
000101110110000000011011,1
000000010011000000111000,1
000000001111010000001001,5
000000001100000010000111,1
010100001100100100011000,1
000101100111000110101101,1
001000100100010000000101,1
011100100101001000100100,1
000000001111000000100001,1
000000001010111101001011,1
000000001111011100001111,1
010011011010000000110101,1
000001101010000000001111,1
011101110111010000001111,1
111110000000101000101011,1
001000011110001010000011,1
000000011011000010100111,1
100010011101000000001111,1
011110000000000000001111,2
000110011010010000001111,1
001000100001011110001101,1
000000001111000010001110,1
001111001100000010001111,1
001010000100111000001100,1
001001011111001000010000,1
100110001000000000100111,1
100001001111000000001110,1
000010101101000000001110,1
101101101111000000011011,1
011101100010100000001111,1
010000001111000100001100,1
001000001011000001001111,1
000000001111000110010111,1
000000001111000000100101,1
011110101110000010001110,1
100110101110101110110000,1
000000001111010100001111,1
100010000011010101101011,1
100011110111110101001101,1
000000001111100010100101,1
011110010001000000100111,1
100010000111000010111001,1
000000001111000110000101,1
011110000001000101001111,1
001010100001000000011101,1
111000001001000000001111,1
010010100110000000001111,2
001111000001000000011111,1
100111101100000111101000,1
011000101000000000001101,1
000000001111000010100011,1
010010010000000000001110,1
010000001111000010101101,1
000000001011100100110000,1
111011100001000000001111,1
110011000101000000001110,1
000000000111000110000111,1
000101110000101100000011,1
010000110111011100010000,1
100110110011000000001011,1
001101010001000001001111,1
000100100110000000001111,1
010101001111000001001111,1
100100000101100000001101,1
000100111000000000001111,2
111010011111000010101001,1
101110100111000000001111,1
001000001111000000001011,3
001000100011110000011001,1
100111011100010000001111,1
001000001110000001101101,1
011010000101000100001111,1
000000101110001010000111,1
011010000111001000010000,1
110011010000011110010000,1
000011000010000000000111,1
000000011111101110100000,1
000000001111111110000000,1
000000001111000000000001,3
000111001111000001011110,1
110010010001000000001111,2
011000011100110000000101,1
001000001110001100111011,1
000000001111000001011100,1
000000001111010011000011,1
000010000011010001011000,1
011101011110001010100011,1
100011100011000000001111,1
011010010001000100001011,1
000000000110000000100000,1
000000001111010000000011,2
000000001001000010100111,1
000000001111101010001000,1
000000001111001010110011,1
000011011011000000101101,1
000110100101010110000001,1
110000001111000000001111,3
000101000011000000001111,1
000000101111010010100001,1
000000110111000000111101,1
000100001110011010110001,1
011010101110000000001111,1
100010001111000000001111,1
101011101101011001001010,1
111100001111001100001110,1
001000000010000000010100,1
011111011101101100101101,1
001100101000011010000000,1
001000001000110010000101,1
000000001111010000111011,1
001000111011000000001101,1
011010010101000000011100,1
000000001111111010010000,2
100000001110010010000010,1
000000001111111110110000,1
000000101101000000011101,1
100101110000000000111001,1
111000010111000000001011,1
000000001111011010110000,1
000000111010000000001111,2
010010111010010000001111,1
000000001110001100001111,1
110001111010000000001011,1
011000000010010000011011,1
000000001111000000100010,1
000010000110000000001111,1
000000001111011010011101,1
101000101100011010001001,1
000000001110010001001111,1
011000000001000000001111,3
100010000011000010011111,1
000111000110001000101000,1
100100110111000110000011,1
010010100011001000101011,1
000110010110101100000001,1
000000001111000000100011,1
000000001111100110000010,1
000010100111000000011011,1
001101101101000000001111,1
000000101101000111100001,1
000100101001010110000101,1
000000001111000000110001,2
110110100001000000011100,1
100000001110001001100000,1
010111001000011101010011,1
011100001011000000001011,1
000010100111000010000000,1
010000001101110000100110,1
000001001110111101001010,1
001000001001000000011011,1
000011010111010000000010,1
011000000000000000001111,2
000000001011000110001011,1
001010000110100100000100,1
100000001110000000001010,1
000000001111100101101101,1
101000000110101011100000,1
000000001101000001001110,1
100010000110000000001111,1
000000001101000000011111,1
111010000001101100100000,1
000100001110000000001111,2
000000001110111010000001,1
011110001010000000001011,1
010010001101000011000101,1
010010000000000000001111,1
000100001111000000111011,1
011000001111000000101110,1
000010011101000000011110,1
011111111111110000000001,1
001010001011010001001101,1
000010000010000000001011,1
001111000100111000101110,1
000000101001000000001011,2
000010011110000000001111,2
000001001111010000001111,1
101111111101001010110001,1
010011001111011010100001,1
000000001111000000010110,1
000010101101000000001001,1
000000101111000000000111,1
001000001101011000001001,1
011010011101001010101001,1
010100011111100110000100,1
010010000101010010010000,1
101000000100000000001111,1
101010101100000011011100,1
000000001110001000000100,1
000000100011010010110001,1
000110000010000010001111,1
010000110010000001000101,1
000010101110101110011000,1
000000000011110000001001,1
001110110110000000001101,1
000000001101000000001101,1
011100010000010111011001,1
000001001111100000000111,1
000000011001010000100010,1
001010110100010010000111,1
001110110000100010100101,1
000001101101000000011111,1
111000110110110110010011,1
010000111100000000001111,1
101010000111000010000111,1
000000001111001100100011,1
011100000011100000011100,1
000000000101010000001101,1
010000111110000110000110,1
100011011111000100000010,1
001010000100001000010101,1
110000010011000000001111,1
001010000010000000001111,1
000010000111000001001010,1
111011100011010110000000,1
000000001111110111010111,1
000000111100000001001111,1
001000001111010010001100,1
001000101100000010010111,1
000110000001000000010111,1
000100001101000000001011,1
000000001111111000001001,1
010110111110000100001101,1
000000110110000000001111,1
000000100101111010001001,1
000000001111101001000011,1
001000111111000000011111,1
000110110101001000100010,1
001100100010100010011111,1
000110000111000000001001,1
111101100111000110000101,1
010010000011000000001011,1
010110000000000000011110,1
011110010010000000011111,1
000000101010000000010101,1
010010011000000010110000,1
010000000110000000101000,1
001100101010100001101011,1
010100011111000000011011,1
000000100110101001000001,1
001000100110011111011000,1
000000001111010010011111,1
100100000001011001101101,1
011000101101000000001111,1
000010000111111011101011,1
000100001111000010001111,1
000000001111100010001110,1
010110001101100000111010,1
010000011101010100110001,1
001000101101000001001111,1
000000001111000100011111,1
000000000111000010000011,1
000000111100000000001111,1
000000001011000010011111,1
000100001110100000001111,1
101100101100000010000111,1
000000001111001001110101,1
000001001001011010100001,1
011010111100000110100111,1
000010000101000000001011,1
010110100101000010000111,1
000000001111010110100000,1
000000001111100011011100,1
011000000100100000101101,1
000000010111000010101111,1
000000111101001000001011,1
100110000000000000101011,1
110000001000000000001110,1
000000001111101001100001,1
000000000111100000011111,1
001000101101010000001001,1
000100011110001001001111,1
000010010110000000001011,1
010000001111000010101111,1
100011000011000010001111,1
000000001011010000001100,1
001010000000000000011111,1
000100001111000100001011,1
000000101000000000001011,1
000000001111000100001111,7
000010001111000000111111,1
001000001111000001001111,1
000000001101000010001011,1
000000001011010100001101,1
111110111000010000001011,1
000000001111011000001010,1
110110010000000101111001,1
010110010100000000001111,1
000000001111000010000011,2
010010011001000000001101,1
000000001111010001000110,1
000000001111111001101101,1
010000101111011010011110,1
101100101000010001100101,1
010101101111101000111110,1
101001001111000010010101,1
000000001111000010001010,3
100100000001000000001111,1
000001001111010000001100,1
000010000111000000000001,1
000111000010000000001011,2
000110001110011010001110,1
000000000000000000001111,1
010000001111000001101111,1
000000000111000000001111,5
010001001001000000000011,1
001010100010010010110101,1
011010101101001011100101,1
000010000111010000001100,1
101110010101010111000001,1
010000000101001000000011,1
011110100010000010000101,1
001100010100011010000001,1
000111011111010010100000,1
111110010010000000001111,1
000000101110000010111000,1
000000001111010000011101,3
000000011111000000001011,1
101010110011001110010000,1
000010001111001001001011,1
000000001111101000100100,1
000000101101000010000111,1
000110001101001010111101,1
010000001001000000011111,2
100000011110000000001010,1
010100111110000010000111,1
110110010011000000011111,1
010000011100010001001111,1
000000100010001000001111,1
000110001000000100100001,1
010000011011000000001111,1
011000011011100000101111,1
000110000111000000010111,1
001100001111000110000110,1
001100101110000000001111,2
001010101001000100011000,1
110010000111000000001011,1
000000001111000000101000,1
000001011011000000001101,1
000000011011000110101100,1
000011001111100011000000,1
101010110001000100001110,1
010000000111000000001110,1
000000001110000000001000,1
000001101111001010101111,1
010110000101000000001111,1
000000001111011010001000,1
101011011010000000000111,1
000101000010100000001110,1
011010100001000000001111,2
001010111101100010100111,1
011000100010000011100101,1
000000001111000000011110,5
000000001111000001001101,4
010000001111000000001011,4
001011101111000010001010,1
000110100101010000100010,1
001000101010000000001111,1
010000010101011100001011,1
000000001101001000011111,1
000000001111000010010001,1
001110100101000000001111,1
000110000111010000001101,1
001010110001010000001101,1
000000001111010000000010,1
010000000101001000001011,1
000111001110000010010110,1
001000011111000000001111,3
000000001111010100011001,1
000000001111000100001011,1
010111110011000000001010,1
000111001001000000001111,2
010110011101000000001111,1
100111101110100110010101,1
111101010011011100101010,1
000000001111010010100101,4
101110111101101000110100,1
011111100100000000001111,1
001000001011000100101100,1
010000001111100000101011,1
000000001111101010110111,1
011000101111000000000101,1
100010000110000000101111,1
000100000001010000010001,1
010000101010000000110101,1
101010010110000011010100,1
010010110100011010010001,1
000010101111110010110000,1
010010010111000011010011,1
011110100010000000001111,1
000000001111000010010111,2
001010001011010001101101,1
010000001111101011100001,1
100011101110000001011101,1
000000001110100100110110,1
000000001111010010001000,1
100101001111000010000011,1
101100000010001000001011,1
001101001001100000001011,1
000000101001010000001110,1
011110000001000001001001,1
000000101111000000101001,1
011100000100100000001101,1
010001001011000000101101,1
010010100100000000001111,1
100100001111011000010000,1
000001001111000100111100,1
000100101101000001001010,1
000000001111101100111101,1
000001001111010100011000,1
010010111110000000101001,1
100010101100000010111011,1
000000001111001100001011,1
100110100001111111110100,1
101011000011101000000110,1
011011001110010110111110,1
001001001111000000101111,1
000011100100000000001111,1
011000001101100010001111,1
000110100111010000000111,1
000001001011110011011101,1
011000001000000000011111,1
000000001101000000001011,4
000010000111000000100011,1
111001001011010101111001,1
001101100100111100100011,1
000000101101110000100010,1
000000010100001000111001,1
000000010010000000001111,1
000000001010000000001111,3
000010001111000000000011,1
010000001110010000011101,1
001111011010101000101101,1
100000001011000001001110,1
000000001111101011101001,1
000010100001000000001101,1
100000001011110000001111,1
000100011010000000001111,2
000010101001100010111100,1
001010011000000000001111,1
011110011001100000011010,1
111110100010000000001111,1
010110001111001011011100,1
100100001110010000000110,1
000001001111001000011111,1
000000001100000000100111,1
000100101111000100011000,1
100110000010111110100010,1
010000001100111110000000,1
001100000101000000001111,1
000000001111001100010100,1
000110010101000000011111,1
000000101011001001001101,1
000100000111000000001111,1
000011100101001000001011,1
001101001100001000001111,1
001000101011101001110101,1
000000001111101000001000,1
000100010001000000001111,1
100000001111010100001110,1
000010110000000101110100,1
000100101110011011111101,1
000000001111011100110100,1
000000010111000101011111,1
110001011000001010000111,1
000000001111001011001001,1
000100001111110110011011,1
010000110100010000001101,1
001000001000011111001010,1
000100001101001110111000,1
010000001000000000101101,1
000000001111011010111101,1
001010100000011000000000,1
000001001111010000011101,1
001010110001011000001101,1
010011001000000000001111,1
000000111111001111010100,1
001000101001100100001111,1
001000100101010000101101,1
000010101101010010000010,1
010100010000110100111100,1
001000001111010000001100,1
100110000101000000001111,1
100000101001001100001111,1
000000101101000001101101,1
110110100000000000001111,1
000000001101000011111001,1
111110100111000000001111,1
000000001111110000001001,1
010101111010000000001111,1
000000001111001000000011,1
000010110000000000111000,1
000010010011010000011101,1
000000101001000110010111,1
000000001111001000001100,2
000110111010011010011010,1
011100110011110011101010,1
000000001111001110001011,1
000000001111011001000110,1
000100001111000010001110,1
110010000111000000001111,1
000000101001010110010001,1
000010000001000000001111,1
011010000110100000001110,1
000000001111010110000100,1
000000001101000000000111,2
000010000101000010000100,1
010110001010000000001111,1
011110010000000000101111,1
101111010000000000001111,1
000011000101100000000100,1
000000001111100111100011,1
110010110011011000001101,1
111100000011111011100000,1
010100010110000000001111,1
011000001001010000011100,1
000000011100010000001101,1
000000001111110010000010,1
000001100110010000001111,1
111100100000000000001111,1
010000010001000000001111,1
000000001111100000111101,1
000000001111000011101011,1
110000101001001100001000,1
000000001111110000001110,1
011010000101001000011101,1
010001101010000000001111,1
000000001111000010001011,3
001010101001001010101010,1
000100100111000000101101,1
000000001110000000101100,1
001010001110000010101101,1
011000111100000010110111,1
000000111010000011000110,1
000010000011000000010110,1
000100000111001100010001,1
000010001111110101001010,1
000000000001000010100000,1
001100101101010010011101,1
110110100111000000001111,1
000000001101000000011110,1
110110000001000000001101,1
010000001101001000001010,1
000000110001001000011110,1
000001001111001010101001,1
001000001011000000001111,4
000000001111010001101101,1
010010000110000000000111,1
000000011011000100001011,1
001100101101101111010010,1
011111000000001000001011,1
000001001111111100001001,1
000000001111100100000111,1
100110100100000110100010,1
011010000000110000000011,1
000000001111000001101000,1
011011001110000000001011,1
000100001011000000001111,3
001000001101000010100011,1
000010010111101100101101,1
011000001101000000011111,1
000000001001001000010000,1
000010001111000001111001,1
011001100111000010000110,1
000000000111000000011001,1
000000001011000000000010,1
100111001011011010000110,1
010101001011000001101111,1
101011010101000010100001,1
000000101001000010011010,1
000000001111000010000010,1
001010100000000011101101,1
000000001111000001111001,1
011000001101000011101101,1
010010000101000000001110,1
100010000111010000001001,1
101011101011000000001111,1
111011001101000010000100,1
110100001101010111010000,1
101000101001000010010111,1
111010010000000000010011,1
011010001001000100000011,1
000100111100011100110001,1
100011010010000011100011,1
001101001101010011000111,1
010000000111001001000011,1
001000001111010000001001,1
111000000001000000001011,1
000000001111010100110001,1
100000011111000000001011,1
000000010101000000101011,1
100001000101110010110001,1
110000000000110110100000,1
010000001100010000111111,1
011010000000111111111010,1
001010101101100000001011,1
001000101101000010000110,1
000000001111000010110001,1
000110110000010001001110,1
001000010111000000001011,2
111010000110000000001111,1
000101011111000000001111,1
000000100101011110010000,1
100001011001000001010100,1
101010010101000000011110,1
000001001101000100001111,1
000000001111011010110010,1
010000010111001000001011,1
101100100000000000011111,1
001101010000011001110011,1
011000001101110010000000,1
000000001101011001010000,1
000001001101001010001011,1
001000101101000000000011,1
000000000110010000000101,1
000000011110000010110111,1
010000001111010110000101,1
011010100001001000001111,1
010010000111101111100111,1
000000001111101100110100,1
010010011001000010101011,1
000000001111001101111000,1
010110011001111010000010,1
001010100101000010100001,1
101000010011001000101010,1
000100010101010000000011,1
011000101100110010011101,1
000000110010000000001011,1
000000000101000000001101,1
000000010101000000011011,1
010000000101111010000001,1
000000111010010100001100,1
101010110100001000001011,1
100110100010000000101101,1
000000010011000000001111,1
101000011000000000011111,1
011100100101010000001111,1
000010000101101101001111,1
000000100111100111100010,1
100010001110100010001111,1
110110010100000000011111,1
111010001011010010100100,1
101000111100111001010011,1
111011000001000100001110,1
011100101100000010001111,1
001010101001010110010110,1
010100111110000000011111,1
001010110110000001001101,1
000001010110000000001101,1
011100000101001000011110,1
000011001111000000001111,2
010010010101000110110100,1
000000001111100111100000,2
001000011001001010100100,1
000010101111100010101001,1
011101100110100111101001,1
011110010010001000100100,1
010010011001000000111101,1
000000011011010111001111,1
000111101101010100111001,1
000000001101010000001101,1
001100101110010110001001,1
000010000101000010000011,1
000000001001000000001101,1
000100001011010000011100,1
100000000110111010100000,1
000010000010000000001111,2
010100000011000001001111,1
100010100101000000001111,1
010110010001000000001111,2
001000110001000000001111,1
101100001111000100011011,1
000011011000010011101101,1
001111100100000000000111,1
000000001101100100001011,1
000000001011000010101110,1
000010101110010000100100,1
000000001111000010110101,1
011011000110000000001111,1
010010100000000000001111,1
000000001111101010100101,1
000000101111000011101111,1
001011110100000000001101,1
111000101101000000001111,1
000000101101000000101111,1
101111100001000000001111,1
010001001011000000001001,1
000100001001000000001011,1
000001001001000011010011,1
000011000111000000001111,1
000000001111001110100000,1
111110101110011110010000,1
010100011110010010011100,1
000000110001000000001111,1
000000001111000000010001,1
010100101101100110001110,1
000100100100000010001110,1
001111001110000000001111,1
111100011001000000010100,1
010100101001000010111000,1
110000101111100001001111,1
111110011000000000001111,1
011011001011000000011110,1
011000001001000000001011,1
011011010101000000001111,1
000000001111001010000011,2
000000001111000000101011,5
000000001111000010001100,2
000000100011110101110100,1
001100111101101110101110,1
001010111011001110100010,1
001000001001000000001111,1
010000010111000110101001,1
110001111101010000100101,1
001000101001000000001011,1
001010000001010000001001,1
110011111011000000001011,1
000000001110010000011100,1
000011110001000000001111,1
010000000101000011000111,1
011011001001000000001111,1
000000001111000000001000,1
110011010000000100001011,1
000000001111001111010101,1
000000001111110011101011,1
000110100000000000001111,1
001100101011101000000111,1
000010100001001001001111,1
000100110110000000000111,1
010000010110110000101111,1
111001011111000000101000,1
000000010100000001110000,1
111000110101000000011111,1
010100001101100100101011,1
100110010101100011010101,1
111010000100010100101111,1
101001011110000000001111,1
111100011000111010100000,1
000010000101010100011010,1
111000111000001010110100,1
001000011101010000001111,1
000000011101000000110111,1
001010111010000000111111,1
000000111110011000001101,1
001010100011100000001110,1
100000111000000000001101,1
000001100010000000001111,1
000000001111001010010110,1
000000001111010000001010,1
010000111100000000011111,1
111100110001000001001011,1
000000001011000001001001,1
000001001110010000001101,1
000010000111000100100101,1
100011001100000000001110,1
000001001111101100001111,1
000010010000000010001101,1
110000000110000001001001,1
000000001111100000010111,1
010010101101011001000000,1
011011100000011001001011,1
000010000010010010110001,1
100001101011000010001011,1
100000001111000000001111,3
111111001000000000001111,1
100000000111000000011111,1
010000001001001011101011,1
010010001111010000100000,1
010010100101000000001111,1
000100011010000000111111,1
000100001111000000001000,1
001000010101000000001111,1
000000001111101110000101,1
000100001011001000001011,1
010000010001000100100110,1
001010100000110110010000,1
011110011000000000001111,1
000100101001000010001110,1
000010010011100101011100,1
001010001000111010111000,1
100100001111101000000101,1
111110111011010010111011,1
001110000100001000001110,1
001000000111100010001111,1
001010000011000110100000,1
000100001111010000001011,1
010000001001010000010100,1
110100000100000000001011,1
011110001100010010101011,1
000000001111010000111111,1
000000000011000000001111,2
001010000011110001110010,1
011111100100101011001111,1
010010110100000000001111,1
100001000011001010001011,1
000110101101011110000111,1
100011101001101010010000,1
000010110000100000001111,1
000100001111100010000011,1
111110110110010000000010,1
000000110101111011000110,1
000000001111100000011011,1
000000001111010010001111,3
100001001001000000001111,1
011110010000000000001111,2
010010001100010110000111,1
000001001111000010000111,1
010000000111110001100011,1
111110010010000000011110,1
110110000001000011000110,1
000000001111010011111100,1
100010010111000000001111,1
011000011100101101001110,1
001011110010111110000000,1
000100000010010000001101,1
010010111101000101000101,1
100001101101010000001101,1
010110001011001010001011,1
010011100110000000001111,1
000011000110000000001111,1
000011000011000101001111,1
010001001111010110101110,1
100000001111000010101111,1
000000101011000000001011,1
000000001111101100000001,1
111100000001000100001111,1
100000001101010010010001,1
001001001111000010001111,1
000000101001000000101001,1
000010000010000000001010,1
000000001111010100011011,1
000001001100111100010100,1
101000001010000000001010,1
010100000101000000001111,1
000000101001010000011000,1
011110010000000000111000,1
001000001111100110110111,1
000100001110011010001101,1
001010000011000010111100,1
011011111010001110110100,1
111110011001000000001111,1
000000001111011010010101,1
000000011110100000101011,1
000001001111000000011111,2
000010001110000111000110,1
000000011010100010000110,1
000000001111010100101010,1
101000000100000000010101,1
000010011111010000001001,1
000000001100000000001111,1
011101101010000000001111,1
011011110000000001001111,1
001001001000000010101110,1
011000101001010000001111,1
000000001111000010101011,1
100000001111000010001111,1
001000101001110110000001,1
010100000001000000001110,1
000100001111011010001110,1
000010010100000000001111,2
011111000000010010000111,1
000000001001111001001110,1
101011100101000000100111,1
110110110100100000000100,1
011000001101001000110001,1
000000111101000000000111,1
100000001110100010001101,1
000000011100100000001111,1
000000001111010010110100,1
000000001111010010010010,1
101110100000110000101101,1
000000001101001010110000,1
000000001111001000011101,1
000000010100000000000110,1
000011101100001010001111,1
000100101101010101100101,1
000010111001000010011111,1
100010100101100001001110,1
111110010000000000001101,1
000001101101000011000111,1
000000001111010010000000,1
000110111111011111011011,1
000000001111101110010110,1
001111010000000000001111,1
010000110110000100001111,1
110000011111000000110100,1
100111011101000010001011,1
001000110100000000001110,1
110000000101111011100010,1
000000111000000111111001,1
101110010000000000001111,1
000100001101000000011111,1
101110100000000000001111,2
111100100001000000001111,1
101000001010001101100101,1
110000001001001101000110,1
001110100001000000011111,1
000001110011000000001011,1
000000001111000110011011,1
100010101111000010001110,1
010000001111000000011101,1
000010010111000000001111,1
000000001101001010001111,1
111011100001000000111100,1
001010110001000000001011,1
101010000001000000001010,1
000000001111010011001100,1
000010000010001010001110,1
000000111111000000101111,1
000000111101000000101011,1
000000001111101001100101,1
100001100111000000001111,1
000010010100000000101110,1
010011111010010010100101,1
000100001111000000001110,1
000001111111000000001111,2
000000000111000000101111,1
000000101110001000001111,1
010000001110111110000000,1
000000001111000000001100,1
001100100010000000001111,1
010010010000100010000100,1
000000101111010110110100,1
010000011000001101010101,1
000000001111001010001010,1
011110011111000001001011,1
100010001010011010000000,1
010110000001001000100100,1
101100101100000000001111,1
101000001111000000001111,1
010001001101000000101111,1
001110100000100000001011,1
010000000100000000101101,1
010000001011000000010011,1
100010010001000110010001,1
100001001111000000011111,1
000000001111011010010111,1
010000001111000010010101,1
000000111101000000001011,1
011000001101000110111000,1
000000001010010000001111,1
110001001101010000010111,1
010000001111000000000011,1
011000000000000001101100,1
000000011110101010100011,1
111100011100101111011110,1
001110000010111110101011,1
010010010000100101001001,1
010000001101111111110000,1
000110100101000010000100,1
000011001111000100000101,1
000010000111000010001011,1
000001011111000000001111,1
000000001101000011000000,1
000010100100100000110111,1
000000001111000010100111,2
011010000100101111001011,1
011010000100011000001111,1
011100100100000000011111,1
000011111110000000001111,1
000000001101000000011011,2
101100111111000000001111,1
000100110101001000111101,1
001000101101001000001111,1
010000011101111111101011,1
001000101100000011100111,1
000011100001011000101001,1
000000000101000000000101,1
000000110001000100110100,1
010000001110111000100111,1
000110010001000000001111,1
011101001111000000001111,1
000111000110000000001111,1
111111001101000100101111,1
000000001111011100110110,1
001100001111000110001100,1
101010100000000000001111,1
010010110111000000001111,1
000000101101000000001110,1
011010000000000000001111,2
000010010111000000001110,1
000110000011000000001111,1
010000001111010001011110,1
011000111100000000011101,1
111010111111010010110110,1
101010110111111110100000,1
100000001100000000001111,2
001011010101010100001111,1
000110000110010010111100,1
001111110001000010000001,1
001010010111000011011100,1
000000001111010000101010,1
000000001111001110010010,1
001010000101000010000011,1
110100111010000010110100,1
100110011111000110110001,1
000000001111100010110100,2
001000001101010010101010,1
000100000110000000001111,1
001011110000001011000011,1
001000000111110000111101,1
000010001111000000001011,1
000010111101000010111100,1
000000010111000001001110,1
110001010011000000001111,1
000100001111000000101111,1
010000001001000000001000,1
011000110010000000011111,1
010101101011100011010011,1
000101111101000000011111,1
000000011100010100111011,1
000000011010000000101101,1
011110110100010010100101,1
011110001011110000111111,1
010000000101000010011101,1
000011101110000100001111,1
100010101101010010001111,1
110100100011010100000110,1
110111001011000000001111,1
010011001101010010000010,1
000000001111001010010100,1
011110111000000000001111,1
111001110111000000001111,1
001000101111010011001101,1
001011000000000000111001,1
001110001111000000111111,1
010001001001000000001111,1
001010100000000000001111,1
000000001111101000010101,1
001100010011101010111100,1
000000001111001100001111,1
000000101111000000001101,1
010010010001000000011111,1
100001110011000100001111,1
000110100011001111100001,1
001000010001000001000111,1
100000101111000100001010,1
101000101101010011001100,1
000110101001001000001011,1
000010001101010010110000,1
000000101111000100101101,1
011100101110001000001111,1
000100111001110101001000,1
000000111111001011100011,1
000000001111000010110100,1
000010001111010011001101,1
001000000001000000001111,1
001011001000000110001010,1
001000001111100010111100,1
000100011000000000001111,2
010010011100010010010000,1
010010010101000010000101,1
000010101101000000011100,1
000000001111000100110111,1
000001001111011001111000,1
100000101101000000001111,1
000000011100000101010111,1
000001110001010000011111,1
010010011001000000001111,3
001000111111010010011001,1
000000111101001101101011,1
000000101111010111000111,1
000000101111000000001110,1
001000001101001001101100,1
011101010000000010101001,1
010010011011000100100001,1
000010100111000000001110,1
011010010101000000001111,1
111001001111010110000000,1
000100001111000011010111,1
011000011001010000110000,1
000000110000000000000111,1
000000001111000010000100,1
001000101100001000101101,1
100010110001000000001111,1
111010110001010110011111,1
101110111100000001101111,1
000000001111010000000111,1
010010000101001110000010,1
011110101001000000011111,1
000010001110000000110111,1
100000101110000110110000,1
000110111100000010111000,1
010100001111000000001111,2
000011110001000000011111,1
001000101101000010001111,1
001100001110100101110100,1
011010101111010000000100,1
000001001100111101100011,1
000000001111101010110000,1
000010011011000000001111,1
000000001111100000111111,1
010000000000000000001111,1
001010100000000010000011,1
010010111100010010110001,1
011000101001000000001111,1
000000001110000010110101,1
001000000100001011001011,1
010110010001010011001011,1
010110000101000010000111,1
010000010100000001001111,1
111010111000000000001111,1
000000101111000001001111,1
001000001001101000101000,1
000000001111000001101101,1
100000101001011010100000,1
011000000001000100001101,1
010010010011000000011111,1
100000001101000000001101,1
001110100101000010011111,1
111000000101000000001111,1
011000100100001100100100,1
000110000111000100011111,1
011010110100010100111110,1
001001110110000000101111,1
101000000101000000011110,1
000010001000100101110101,1
000000000111011001001101,1
000000001111001100001001,1
011000001101000000001011,1
110010101000000100101100,1
100000001011000000001111,1
101110100000100010000101,1
011010000111000011001101,1
010110000010010001001001,1
000100001011000000100110,1
000010001111001011000011,1
000000000111000000101011,1
000011010101000000001111,1
011010111001000000001111,1
111110000000000000001100,1
000000001111000001010000,1
000000001110001010110001,1
000100100101000000001111,1
101011100011000000000110,1
000101101001010000110110,1
000000111010010000101010,1
110011001000001000001111,1
000100001011100000001111,1
101000100010010111110111,1
000000111101001000000011,1
000110101010000100001001,1
000000101111011000100101,1
001100001111011001001111,1
101010011110000000111000,1
101010010001001000000111,1
111000100101011101001011,1
000000001111001010011001,1
000000001101000001101111,1
000000011100010000010111,1
010110101111011011100001,1
000011111100001000011110,1
000000001111000010011110,1
000000101111010101011110,1
010000010101000000101101,1
111011111101011000011001,1
001011001110010000011000,1
100011101001010000010010,1
000010010110001000001111,1
101111000100000000010111,1
001000101010011010000101,1
000010101111000000000110,1
010001001111001010110001,1
110101001000001011000001,1
100000111011000000001111,1
010010011100000010101100,1
101110000110100100001011,1
110110001100000111011011,1
000000001111100011000001,1
001100110001000000001011,1
001000100000000011010100,1
010110000001000000001111,1
100010100101010010010001,1
001010001111000000001011,1
010000001111001000001010,1
000000001101010100111011,1
010000001001000010001111,2
000001001101001101001001,1
000000001111000110000110,1
010000101010000010100111,1
111000100100010000001011,1
010010010000010000001111,1
000000001111000010000110,2
100010110100000000001111,1
000000000111000010010111,1
000000001111000010010101,1
010000001110010101010110,1
111100010111110111111000,1
010010110101000000001011,1
000011000011101111110001,1
000001010001000010000110,1
000100010111101100100100,1
000000001111001111101101,1
001000001111000100001101,1
101111100011111000011010,1
000101101100111010100000,1
111000111111010000010000,1
010000001011010000001100,1
000000001111010000010000,1
000000101101000110010011,1
100110000111000000001111,1
000000001110001000000111,1
000001000111000000001011,1
000000011110011001010101,1
011000001010000000001111,1
000000001011000010001111,1
010011001011000000001111,1
010010000101011000101001,1
000000111010000010100011,1
100010001110100000110001,1
010100010101010000100010,1
010001111011000000011011,1
000000001111100001000011,1
111010100000000000001011,1
000000001101000000101111,1
000000011111001000000111,1
010100011001000000001111,1
000010010101000000001111,1
010100110010000000101110,1
110010000111100110100010,1
000011100101000000111100,1
000001001111100110010111,1
001000011101110000101011,1
011111000000000000001111,1
010110000101000000001011,1
000110011101010010000111,1
000011100100100110011110,1
110011001001000110001111,1
110110001001000000001111,1
000000001111001000100110,1
000000101110000011000101,1
101000100011000000001111,1
001000011110000000001011,1
000000111110010000001101,1
000000001111011100010000,1
100000000101001100101110,1
000100001111000000100101,1
000101001001010000001011,1
110110001101100001110110,1
001000011111111111100111,1
010101100110000000001011,1
011110110100000000001110,1
100100000010000000001111,1
000010111001011110100000,1
000010110101010000001101,1
111010010001000000001111,1
000010001011001000100100,1
000000001101111011000000,1
000001001101000100001010,1
000100011111000000010111,1
011000011100000000010000,1
000000001111011110101101,1
011101101111000001001111,1
110010010000000000001111,1
000100101101000001001011,1
000010010111000001001111,1
000000111011000000100001,1
101101110010000000001111,1
010000101011000000011110,1
000110100110000010001010,1
000000101110010100000111,1
000000000101011010000001,1
000000001110000000001011,2
100010010111101010110000,1
011110001101100010100101,1
100100111000000111000100,1
010001001111000010001011,1
010000000101000000001111,2
001000110101000000001011,1
000000001001000010100110,1
000000001111001000001101,1
001010111101010000001100,1
001110001110000000001010,1
100000101011000000001011,1
000100001010000010100001,1
000000001111100100000110,1
100111011001000000001111,1
100111001100000000001101,1
111011110111000000001111,1
010011001101010000110001,1
000100001111010010011011,1
000000001111100110110000,1
000000001111101010100011,1
101100100010000000001011,1
011000000001101000001011,1
000000011111010001000111,1
001100111001101010111101,1
010101001001101000101101,1
000011010110000000001111,1
000100101011000000001111,1
000000000111000010000101,1
000101001101010100010110,1
001000001110000000001000,1
110000000101000010010100,1
000000100100000000001011,1
110010000111110110010000,1
000000001011001000001111,2
000111100000010000000000,1
000100001110000000011110,1
000010000111000010000001,1
010010101101001000001111,1
010000010101011110001000,1
000001001101000100001100,1
000000101100101001101100,1
000000011001001010110001,1
010000000111000010001111,1
000001001111010010100001,1
000011011111000000001111,1
010000001110010000001111,1
111111010110000100001011,1
110111101101000000001111,1
100000100100000000011111,1
010011000001111101011100,1
101011101101000000001111,1
011110010000000010100000,1
110001111110011010100000,1
110110100010000000001111,1
100010100100000000001111,1
000000000111100100100100,1
110010001100000000001011,1
001100100110000000001111,1
000110000011000100101010,1
101100001011000000001111,1
000000001101001000110000,1
011001001001000000001111,1
000000001111000010101001,1
100000001111011011110000,1
101110001000000100001000,1
000000001101001110110000,1
000010001101100010000101,1
101011000100010010000111,1
000001000111000000001111,1
001111000001111010010000,1
110110010000000010101001,1
000000001111100000101010,1
011000001101000000001110,1
011100111001000000101101,1
010010010111000000001011,1
010000001110101000001111,1
010000000011000000001111,1
000000001111100000101111,1
010000001001011000001111,1
000010000111111010010000,1
101001011111010110011011,1
000000100110100000000111,1
000000001111001100000010,1
000000100101000000001111,1
000000100111000000001101,1
000001001110000000001011,1
000000001111010010000011,2
000000001001000000001111,1
000000001111000110000011,1
111111100101000100001001,1
000000011110000000000110,1
011010000100000100001011,1
000010000111110111101100,1
010111010110010010110000,1
010010100111011010001001,1
000000111110001000100111,1
000000010001000010000111,1
000000001111111010000110,1
000000001010001001000111,1
000000001011001001001110,1
011000011110000000001011,1
000110000000000000001111,1
000010100101000100101101,1
110000010110000000001010,1
010100011011010000010010,1
001000101111010000001101,1
000000001001001111111000,1
000000001111001010111101,1
000000001111010010010001,1
000100001111001100001011,1
001010111001000000001111,1
101001001111000011000100,1
000010001011001101001110,1
110000001101001011100110,1
011000110000001001001011,1
110000000011101010000011,1
000110000111100000011101,1
000000001111101000111000,1
000010100101111110000000,1
100100001110000000101011,1
010000101100010100001001,1
010000110100000000011111,1
010000110100000000001111,1
001110010010001000100111,1
010000011101000000110101,1
000100011001001000001110,1
010010111100011110010000,1
011011110001000000001011,1
011010001100001001001000,1
000110000100000000001111,1
000000100101000010100111,1
100001001111000000001111,1
000000001011001011100001,1
000000001111000100001100,1
010011000101010111101001,1
000000001110001010000111,1
000000001111001000111011,1
000000001111100100101010,1
010001001101100111111111,1
001010000100000010010101,1
000010001001000000001111,1
110110001000000000001010,1
000001000111000010001111,1
000000001111000010100110,1
110010000101100000001001,1
000000100111101000111010,1
000000001111000010001000,1
000000001101011000100011,1
000000001111000000101010,1
010010110010001010000011,1
000000001111011111010010,1
001010000011000000101001,1
000100110001011011000000,1
001000101101000000011111,2
000001010000000010000011,1
000010000010000010000111,1
010000001001010000001111,1
000000100101000000000111,1
010100001001010000000101,1
000000001010010000011111,1
010000101000010110011011,1
001110001111000000001111,1
100000001111000000110001,1
010000101100000000001111,1
000000001011000100100001,1
000000001111001000110111,1
000000001111011111110100,1
100010100101000000001110,1
000000010011000000001011,1
011010010001000000001111,2
010100101100000000011111,1
111000001111001000001101,1
110010000100000000101111,1
000010000110000000000111,1
000000101111001010101001,1
010010011001000000011001,1
000000001101000100101001,1
011000010010000000001111,1
010010110001101110110000,1
000010000111010101100100,1
101110101111000000001111,1
011000111000000000001111,1
100100101110000010110000,1
011111001011001000001111,1
000000011111000000011111,1
010000001111100000001110,1
001000101101000000000101,1
011101101100000000001110,1
000000011110011110110000,1
010010010000100100011001,1
000000001111100000101100,1
000000001111000010100001,1
010000001111000100001011,1
011111101110000000101111,1
000000101111000000001011,2
111011001100001000011101,1
010010000111000010000111,1
110010000101000000001110,1
000110101001000000001111,1
011010010011000000001111,1
000010010111000000010111,1
010010001101010000110100,1
010011000001000000101011,1
000100001010000000001111,1
000111101001001000001111,1
010110001111000000001111,1
010000101101000000001111,1
010010011100100100110011,1
000100001111000100001111,1
000000001110011010100000,1
111110011000011101001111,1
001101011001000000001111,1
101010010010000000000011,1
000001010110101010011001,1
100010001101001000001111,1
000000001111001000010110,1
110110000001001010100011,1
010000001101000000011111,1
010001010110010010011000,1
010000101111000100001110,1
000000001111110110010001,1
000000101111000001001101,1
111000010001000000001111,1
000000001111000000100000,1
000010111101001000101110,1
000000000111110110110000,1
010000010001111001111111,1
100000011101000010000111,1
000000111000000000110011,1
000000001111000000001001,2
100110110001000001111110,1
000010101101000010010001,1
100101010010010000001101,1
010000011000000001001111,1
001101011111000010100100,1
000000001111011010000000,1
010000010100000000001111,1
000010000000010000001111,1
010000001000110110001011,1
000110010111111001111010,1
010110011111000000000111,1
011110001010000000001111,2
000001100111101010100001,1
000100101110011110000000,1
001110011111111010001100,1
110110111001110100101000,1
111110011010010111011010,1
011111010001000000001111,1
010110000111000000001011,1
000010100010000000001111,1
010000000101000100001011,1
100010110000000100001111,1
000000001111100000111011,1
010010010101000000001011,1
001010101001001001101111,1
000000001111001001000001,1
010000010000100000011100,1
010000001101000010000101,2
011010000010010000001001,1
010111010000000011000101,1
000000110111010000000000,1
111110100110010100000000,1
001110000010000010100001,1
000000011001000000011011,1
101011001011000000001111,1
100100001111101100000010,1
001000100100000000011101,1
000010110010001001100100,1
000001101111000100011111,1
010010010000100101001101,1
111000001001000000000111,1
110110001000000000001111,2
001000001111000100101111,1
001001001101000000001101,1
110110110000010010100001,1
000000001111111111001011,1
000010000111010000011101,1
000011001111010000001010,1
000010010000000000001111,1
000000001011000000001110,1
000000001101000100001110,1
001011010010000010000111,1
000000101111000000000011,1
000110100101011110010100,1
010011100111000010011100,1
001000000111000000101101,1
000000001111110011011110,1
100010100101010000001011,1
000000010111010110100001,1
100000001111111011111011,1
010011111010000010001110,1
011100101000000000001111,1
000110100101000000001111,1
001001100001010000000011,1
000000001111011000101011,1
011011011000000000001111,1
011100000101001100010111,1
100111100100110010011100,1
000010110000100100001010,1
001000010010110010011101,1
000000101110000000011111,1
100101001111110001010100,1
110011001001100010111000,1
101010111110000000001111,1
011000000101000010001111,1
101011101111000001001111,1
000011011001000100100100,1
000000011101000000001111,1
010000001101000110001100,1
001010000001100000100111,1
000000001111011001100111,1
000000001111000010101100,1
111101110100000000101100,1
101000111100000000011111,1
110000101001000010001111,1
111100011011110110000001,1
111010101001001010101010,1
111101011111011000001110,1
000000101100000100011111,1
000101001101000000001110,1
000000101001001101000010,1
001010010001110101111000,1
000001001111000010000010,1
000000001111000110001111,3
000000011111010000001111,1
010100110110010010000111,1
111110101101000000001111,1
111001111111000000000111,1
101011110110000000001111,1
001010101111111001000000,1
000000011110111010110001,1
000101001111011110001111,1
011000110000000000001111,1
000000011101011000001100,1
011010110100010000001100,1
010010000000000000001011,1
110100011011001000100000,1
011000100000000000101101,1
000000001111000000011010,1
000000011110001111110101,1
111101100011000000001111,1
001010110001000100001111,1
100100011110100010011111,1
000000101011100001010001,1
000000000011000000011011,1
000000001111011110100001,1
011000111010010110001001,1
010110100010000100001011,1
010010111111000000001100,1
000111111101111001101110,1
000110110001000000001111,1
010011001111000000001111,1
010000110111000000001011,1
000100000010000000001111,1
111110001111000000101111,1
010000001011000000101111,1
000000001101001000001111,1
000000001111011000110100,1
111011000001101100101101,1
010000111000110010010000,1
110110001000010110110000,1
000000001111001111011010,1
110000011110111111111001,1
000010001111010000001001,1
000100001111000001011111,1
011010001001100001010110,1
011101010101011010111001,1
000101110001100100010001,1
010110000000101001110000,1
001001000111000000001111,1
000000111101000010110000,1
110101010001000100111111,1
100010110001011000001101,1
011000111011000000001111,1
000000001111101100100100,1
110000001110000000001111,1
001110000100000010110101,1
001000101101010000000101,1
000010000111000000000111,1
100100000110000000001011,1
100000101011000000101011,1
000010110100000000000111,1
010110101001001010100000,1
000010001111000010000101,1
011010001001010000001001,1
011000011111001011001001,1
110010111101000110001011,1
101100100011000000001111,1
000010100111000010111110,1
000000011110000100001010,1
000000101111101100000110,1
000000001111100001011110,1
000000101101000000011111,1
000000001111100100011010,1
000100101101101010110000,1
010001111100101011110111,1
010010010000000000011111,1
000000001111000000111000,1
000110001111000000101111,1
011000100011000000001111,1
001000101111000010001110,1
000010000110000100001011,1
010100101100001110110000,1
011100101011011010000100,1
000000001111010100000010,1
001010001010000001001001,1
101110100000000001001111,1
101001001111000000001011,1
000010100111101011000010,1
000000111110010000001100,1
001100100011001010110111,1
001000100101110110110001,1
111000101110000000001011,1
001000100110000010000011,1
000100000111000010001010,1
111010110110000000000010,1
101000101110000000101000,1
000000001111001011000111,1
001010101101000000001110,1
101000101000101001110110,1
111000001001101000110000,1
000110110011000000001111,1
000000001111011110000011,1
000110000111000010001111,1
000000001111010100000011,1
000010000100100001001111,1
000100001111000000101101,1
110110100000000000001110,1
110000011100000000001111,1
101100000001000111001111,1
000100101101000100001101,1
011000001100000000001111,1
000010000011000000100110,1
100000111100010010000011,1
010100100101000000001011,1
000010001111101001000110,1
001010110001000100001110,1
001000000111010110000010,1
010000001101011000111000,1
110100001001000000001111,1
000000001110000000001010,1
001100100100000000001111,1
000010101101100011010100,1
000000001111001010111000,1
010000000101010010011100,1
000010000011000000001011,1
000000000101010000101001,1
111000101101011010001010,1
000010110101010011000001,1
110100001100000000100011,1
011010111111000000001011,1
001101100010000111001111,1
100110011001000000101101,1
000100100001000000001011,1
000111110000000000001011,1
001110000100001000001101,1
001110101100000000001011,1
111111110111000000001011,1
001011100000000000001011,1
001111011010011101100001,1
010110010000011101011000,1
000010111000100110100010,1
110010100000100000100101,1
001011011000010110000101,1
001010100011001010110001,1
000100001011000000011011,1
000110110000001000101101,1
000000001111101000101111,1
000011000101000010011011,1
000110110001010000111000,1
001100001101000000001111,1
011110011000000000001011,1
000000101111010000100011,1
001010001100000000001111,1
000000001111000000110111,1
111110100111101100100101,1
000000101101101000101011,1
100111010000010000011111,1
111110000000000000001111,1
000011101000000010100111,1
100110001001000000000011,1
100011000101000010111111,1
000111100111000011010100,1
110011111011000000001111,1
011100111110000010110101,1
101000001110000000001111,1
000100001111000010000101,1
000000001111011010110001,2
101000001101000001001111,1
000100101101000010000011,1
000010000101001010110011,1
011000001001000000001111,1
001010011010101101110011,1
011000000101010000010001,1
010000000101000000001011,1
101110100101000111001001,1
000000111101000000001111,1
000000101111010000001000,1
111100001111000000001011,1
000100001110000010100100,1
011110111110010110010001,1
000000001111100100000011,1
000000001111000001001001,1
000000100001000000001011,1
100010000111101000001111,1
000000110101000000001110,1
000000001111100100111011,1
010000001101001011001001,1
000010011110001000001011,1
010001011110000000001111,1
110011011010000000001011,1
000010111001000000001111,1
010100000000000000010111,1
000110111111000001000101,1
000000000110110000001011,1
000000001111000010010011,1
000000001111101000000011,1
100010000111000000011100,1
010000001001001000001011,1
111010010100000000001111,1
010000001111001010001110,1
001001001010011000001001,1
001000011100000000001011,1
000010000111000110111100,1
000000001111011001010000,1
100100001111000001001111,1
111100000011000000001111,1
010010010000000000100101,1
110011111110011000110100,1
010010001101010010101111,1
100000000111000000001111,1
101100110000000000001111,1
000110000100000010011010,1
000010010010000000011011,1
101110110010000000101001,1
001000000111001010101110,1
000000101101010000001011,1
000000011011010010111101,1
101001111111111110111011,1
100000101000001010100001,1
000000001111111010000001,1
001101011000010000001111,1
000000001110000010101011,1
000000001110100110110000,1
101001000111000000001011,1
000000000110100011101011,1
000000001101111010000011,1
000000111101000000000101,1
111110100000000000001110,1
000000001011000100001011,1
000010101111000000111100,1
001110110000000000001011,1
000010111100000000011111,1
011101101111000000101101,1
001101000011101001001011,1
101010001110001000001101,1
000010001111110010100000,1
111010100011101110110010,1
111110101111001000010111,1
100010100110001010101100,1
000000001111000000100111,1
101110100110010001111101,1
001010010101001000000011,1
000000001111000001101100,1
000011000111000010110101,1
011010000000000000001110,1
000000000111000001100101,1
111001100000000000001101,1
111101000110010110010010,1
110100001001100110100110,1
000000001111110000001111,2
000010100101010110001000,1
100000001101010000001101,1
000000101001000010001011,1
000110100010000000001111,1
010100001001100100011010,1
100111001101000000001111,1
001011000001000000101011,1
000010111001101010000111,1
000000000101000110000101,1
001000100101001010101100,1
000000001111001010100001,1
001010010111000100011101,1
000000001111110110011011,1
100000001001000000011101,1
000000011011100000010010,1
000001001111001100001111,1
011100110011100010110101,1
110110000100000000001111,1
010000101010000000001111,1
010000001001110101001101,1
010000010011000010001111,1
101000100111000000001111,1
000010000111110011000111,1
000000001111001010100000,1
000000001111100100001101,1
110100101010000010011110,1
000000000111011101001011,1
000000101100011000000001,1
010010000001000000101011,1
000010010011000000001111,1
001111000010000000001011,1
000000001111010010110111,1
010000110000011110010100,1
101000010010000010101001,1
000000001111011110101100,1
000100111010000000001111,1
000000110110000000001101,1
001011011110100110100100,1
100010000011000000001110,1
010000001110000000001011,1
000000101111010000011011,1
010100101001000000000111,1
100010001000011000000110,1
010000001100000000011111,1
010011010101000000001111,1
000000011110111110000100,1
000110000111110100111101,1
000000011111011110001101,1
000011010100011000001001,1
110110011110001100001110,1
111010100000000000001001,1
000100001111101010100000,1
000000001111000111110000,1
000000001100100000000011,1
111001110100110000001001,1
101010000111000001001011,1
010000011101010000101010,1
001111100100000010000111,1
001000100001010010000010,1
111000011000111001001001,1
001000101101000100001111,1
100100001010000000001011,1
011010101110100010000110,1
100011000000000000001011,1
000100010100101011011100,1
000110010010010001101100,1
000000011110001010100100,1
000100001101000000101011,1
111110000000000000001011,1
000001001100000000100011,1
101010001010000000001111,1
100000101011000000001110,1
010110001101000000000001,1
011011100100001010101111,1
001000100100001000001101,1
001000101110001000110100,1
000000100111010000001010,1
000000001111010010001001,1
010010111101000000001011,1
001011100001000000001001,1
000000001111100001100101,1
001000000111000000001111,1
111010010000000000001110,1
000000001111010110000000,1
111000011111000000001111,1
000000001111111111011000,1
000000001111010010000001,1
000010100010011001001011,1
001011100111000000001111,1
000010010101011000010011,1
000000001111111110101010,1
000000001101001010000010,1
000100001101000010101110,1
110000000001001000001111,1
000000001111001010110001,1
010110010000000000001111,1
011100111000000000001110,1
010110100100000000000101,1
000100001111000110001010,1
000010110000101101011100,1
011010010111000000000111,1
000000001111011000000100,1
000010111101001000000100,1
000000100111000011100100,1
000000011100000000001111,1
000110100110000011001011,1
101010000110000000001111,1
110000000111011111110100,1
100110011001100010000011,1
000110000111010010100101,1
000111110000000000001110,1
101011101000101101000010,1
101010010000111101010001,1
111110110000010110000010,1
101011111110000000011110,1
101101011011000000101101,1
000111011011000010001110,1
110010100110111001001111,1
000000001111010100101111,1
011010101010000000001111,1
100111111101010010011010,1
000000001111000011000011,1
100000110101100110010011,1
000110001001000110110110,1
100000001110000000011110,1
100000101111000000001011,1
011110100000000000001111,1
101101011011100000011110,1
010000011011000000110001,1
010010000100000000001111,1
100000011000000000001011,1
000000101110011111010000,1
000000111000000000011111,1
000000001111000110101100,1
000001000111001010000101,1
000000101111001100011010,1
010010100010000000001111,1
000001101101010000001101,1
111001101111111101000011,1
111010101001000000001111,1
000001111011000010111011,1
010000011101000000101111,1
000000001111000100010100,1
001000001111101010010010,1
000001001111001010001111,1
000100001111010010000000,1
000000101101011001001101,1
000000001111000000111111,1
000001001011000000001111,1
001000001111010100100110,1
100000001101010100000010,1
000000101101001000111101,1
000000001110000010101001,1
000000101101011010000010,1
001000011111101100110111,1
011010000000100111000110,1
000101001111010000101001,1
010000100111000011110000,1
010110000101011000001111,1
111010101100000000001111,1
001011000000001100010000,1
111111011100001100111110,1
011010001001010000000101,1
000111111110000000111110,1
110100101111001000001011,1
100010011011100010001010,1
001100000011100000101011,1
110101110110000011010001,1
100000101001100111011001,1
000000001111110101011110,1
000010000011000000000011,1
000010110101000000001111,1
111101100010010011100111,1
010010110111010100010001,1
111010000001000000001111,1
000000001111011110000001,1
011000000111000000011111,1
000010001011000100001111,1
111111010000000000101011,1
111101100100000000001111,1
100010101010011000000100,1
001110011010000001001111,1
001010001000000111010011,1
110000100110110110010110,1
111000100011000011000111,1
000000111101000011101111,1
001100000011000000011111,1
000010100100000010111000,1
101010100110011000010100,1
100000001110000000001011,1
101000001110101010001000,1
100011010000110111110010,1
000000001111000001111100,1
010010101110000010000111,1
101010010000000000001101,1
111111100111010011001101,1
111010011111000000001111,1
111011000000011110010000,1
001010000000010000011010,1
000000001111100011100010,1
101000000001000000001011,1
110000000101011000101111,1
010110100010000000001110,1
100001001110000000001011,1
101010000011000010000110,1
000000111000001001000011,1
000000001111101010000000,1
100001111101010010101010,1
011110101110001100001010,1
000101100110000000001111,1
010000100111010000001101,1
010010011001111000010000,1
000011001111011110101100,1
000000101111000011101101,1
100111001110100000001111,1
000000110100000000001111,1
001000001111000000000111,1
010010010010000000001111,1
110010101110001001100101,1
001011101101000010110010,1
010110000100000011000111,1
010010001111001011001111,1
000000001111000001001010,1
000000001111000011000111,1
000100110001000010011111,1
000000001111101001001011,1
001000110000000011010001,1
010010011110010010101000,1
000010101011100001000011,1
000110000011001110000100,1
010000001011000000001101,1
000000001111101010101001,1
000010100111010010001101,1
000000001111110010000101,1
010000000110000000001111,2
000000010010000000101111,1
111000001000000000011111,1
101010000001010000001001,1
000000001011111010000000,1
011010000000111000001011,1
000000000011001101000011,1
000000001111100100101110,1
100000101111100010011100,1
000000001111100010100000,1
100101011000000000001101,1
111100000111100000010101,1
000000001111000100110101,1
001000010110000000001101,1
011010100010000000001111,1
000000001111010000001011,1
000000001010100000001111,1
100011110100000000001111,1
011000110000001000010011,1
010110001101000000001111,1
100100011011000000010011,1
000000001111000000000110,1
000100001111000111010000,1
001100011001000001101101,1
000010000101000000001101,1
010010000001000000001011,1
001010100001010010010000,1
000010111011000000001011,1
110000111100001010010100,1
000100001101010000001101,1
000100011101000000001101,1
000100001110010000001011,1
001010000111000000001101,1
001000010011010010000011,1
000110111011000011010011,1
000000000111010010010110,1
000000001111000111010100,1
000000001001010001111011,1
100100101000101101000001,1
001110010000000000101101,1
011101001111000110001011,1
111000011010000000001111,1
000000100010011100000011,1
100000011110000000101111,1
001010110111010000000011,1
000011001111110101000110,1
010000001001100111110001,1
000110000011010010100101,1
001100011110000010111100,1
000000001111001010101100,1
100000001011000100111011,1
000110101100010000001111,1
010000000111001000001011,1
000010110010000010000111,1
010110110001100000001111,1
001010101100000000001111,1
001000001101000000111101,1
000000001101000000111001,1
111011100000000000001111,1
110110101011000000101110,1
000000001111011110001010,1
000000001100000110100001,1
010000000101000000000111,1
011010100100010000011111,1
000111000110010011100011,1
000100001010011000001101,1
101011111101000100111101,1
000000001111010001001001,1
001001001111000000001011,1
000000110100000000001011,1
000001001111001000011010,1
101010100001001000011100,1
010000010000000000011101,1
000000001111001010001011,1
000000011111100010011100,1
000010110100000000001111,1
101010100001000000011111,1
000100001110000010110101,1
000010111010011000001001,1
000000001110000000011111,1
011001001101000000100111,1
000001010001000000110100,1
011110000001000001101101,1
001100011110010000001101,1
001100111101011000011001,1
000000000110000010000001,1
001110110000010000001111,1
001010110001000000001111,1
010000001111010000001101,1
000000001111010000000001,1
001011000101001110110101,1
001000001110010001001000,1
000100000111001000101111,1
100110000011001000001111,1
001011000111000010000111,1
000000001111011000001100,1
000110100000000000011011,1
001010000011010000110000,1
000000111110010000111001,1
001011001011010110000010,1
000001001110001010000111,1
000000001111101000101001,1
000000001111011101100000,1
101110100000000001001001,1
000000001101010000000101,1
010110010001100000001011,1
000011000111001100001010,1
000000001111000000011101,1
001010010010001010000010,1
101010000100000001001011,1
010010101101000000001110,1
000000001111100000100011,1
000000101011100010110001,1
000100111111000000001111,1
100000001011000000001011,1
001110011011000100001010,1
001000000111000000001011,1
010100011100010000001101,1
100110111000001000001111,1
100000100011000110000001,1
010001111100000000000101,1
100000011010100010110011,1
010010011100000000001111,1
101001110111010100001111,1
100110101110001110010011,1
100100111001000000001111,1
000000110000000010000010,1
000100111001010000001101,1
010100101011000000001111,1
100000101110000000101000,1
000000100010110110001001,1
000000001111001000111101,1
000010000101101100100000,1
000110110110110011101000,1
000010110000000000011111,1
011010010001001001111110,1
000000001101100010000101,1
001000110110010010100010,1
111110110101000000001111,1
111001100110000001000111,1
000000001111000011111111,1
000000001111100010110001,1
000000001011011010101100,1
011000001101001100001111,1
011100001110000101001111,1
010101001101000000001111,1
000010001111001000001011,1
